,,,,,,
,,,,,,
,section,Section/ station,Line,From,To,Duration
,AJJ - RU,AJJ-AJJN,Down,00.30 hrs,03.30 hrs,03.00 hrs
,AJJ - RU,MLPM-AJJN,Down,00.30 hrs,03.30 hrs,03.00 hrs
,AJJ - RU,AJJN-TRT,Down,00.30 hrs,03.30 hrs,03.00 hrs
,AJJ - RU,TRT-POI,Down,01.00 hrs,04.00 hrs,03.00 hrs
,AJJ - RU,POI-VKZ,Down,01.00 hrs,04.00 hrs,03.00 hrs
,AJJ - RU,VKZ-NG,Down,01.00 hrs,04.00 hrs,03.00 hrs
,AJJ - RU,NG-EKM,Down,01.00 hrs,04.00 hrs,03.00 hrs
,AJJ - RU,EKM-VGA,Down,01.00 hrs,04.00 hrs,03.00 hrs
,AJJ - RU,VGA-PUT,Down,01.00 hrs,04.00 hrs,03.00 hrs
,AJJ - RU,PUT-TDK,Down,01.00 hrs,04.00 hrs,03.00 hrs
,AJJ - RU,TDK-PUDI,Down,01.00 hrs,04.00 hrs,03.00 hrs
,AJJ - RU,PUDI-RU,Down,01.00 hrs,04.00 hrs,03.00 hrs
,AJJ - RU,AJJ-AJJN,UP,23.30 hrs,02.30 hrs,03.00 hrs
,AJJ - RU,MLPM-AJJN,UP,23.30 hrs,02.30 hrs,03.00 hrs
,AJJ - RU,AJJN-TRT,UP,23.30 hrs,02.30 hrs,03.00 hrs
,AJJ - RU,TRT-POI,UP,21.00 hrs,00.00 hrs,03.00 hrs
,AJJ - RU,POI-VKZ,UP,21.00 hrs,00.00 hrs,03.00 hrs
,AJJ - RU,VKZ-NG,UP,21.00 hrs,00.00 hrs,03.00 hrs
,AJJ - RU,NG-EKM,UP,21.00 hrs,00.00 hrs,03.00 hrs
,AJJ - RU,EKM-VGA,UP,21.00 hrs,00.00 hrs,03.00 hrs
,AJJ - RU,VGA-PUT,UP,21.00 hrs,00.00 hrs,03.00 hrs
,AJJ - RU,PUT-TDK,UP,21.00 hrs,00.00 hrs,03.00 hrs
,AJJ - RU,TDK-PUDI,UP,21.00 hrs,00.00 hrs,03.00 hrs
,AJJ - RU,PUDI-RU,UP,21.00 hrs,00.00 hrs,03.00 hrs
,AJJ - RU,AJJ - YD,Down,00.30 hrs,03.30 hrs,03.00 hrs
,AJJ - RU,MLPM -YD,Down,00.30 hrs,03.30 hrs,03.00 hrs
,AJJ - RU,AJJN - YD,Down,00.30 hrs,03.30 hrs,03.00 hrs
,AJJ - RU,TRT - YD,Down,01.00 hrs,04.00 hrs,03.00 hrs
,AJJ - RU,POI - YD,Down,01.00 hrs,04.00 hrs,03.00 hrs
,AJJ - RU,NG - YD,Down,01.00 hrs,04.00 hrs,03.00 hrs
,AJJ - RU,VAG - YD,Down,01.00 hrs,04.00 hrs,03.00 hrs
,AJJ - RU,PUT - YD,Down,01.00 hrs,04.00 hrs,03.00 hrs
,AJJ - RU,TDK - YD,Down,01.00 hrs,04.00 hrs,03.00 hrs
,AJJ - RU,PUDI - YD,Down,01.00 hrs,04.00 hrs,03.00 hrs
,AJJ - RU,RU - YD,Down,01.00 hrs,04.00 hrs,03.00 hrs
,AJJ - RU,AJJ - YD,UP,23.30 hrs,02.30 hrs,03.00 hrs
,AJJ - RU,MLPM -YD,UP,23.30 hrs,02.30 hrs,03.00 hrs
,AJJ - RU,AJJN - YD,UP,23.30 hrs,02.30 hrs,03.00 hrs
,AJJ - RU,TRT - YD,UP,21.00 hrs,00.00 hrs,03.00 hrs
,AJJ - RU,POI - YD,UP,21.00 hrs,00.00 hrs,03.00 hrs
,AJJ - RU,NG - YD,UP,21.00 hrs,00.00 hrs,03.00 hrs
,AJJ - RU,VAG - YD,UP,21.00 hrs,00.00 hrs,03.00 hrs
,AJJ - RU,PUT - YD,UP,21.00 hrs,00.00 hrs,03.00 hrs
,AJJ - RU,TDK - YD,UP,21.00 hrs,00.00 hrs,03.00 hrs
,AJJ - RU,PUDI - YD,UP,21.00 hrs,00.00 hrs,03.00 hrs
,AJJ - RU,RU - YD,UP,21.00 hrs,00.00 hrs,03.00 hrs
,MAS - AJJ,MAS-BBQ,Down Slow Line,00.30 hrs,03.30 hrs,03.00 hrs
,MAS - AJJ,MMCC-BBQ,Down Slow Line,00.30 hrs,03.30 hrs,03.00 hrs
,MAS - AJJ,BBQ-VPY,Down Slow Line,00.30 hrs,03.30 hrs,03.00 hrs
,MAS - AJJ,VPY-VLK,Down Slow Line,00.30 hrs,03.30 hrs,03.00 hrs
,MAS - AJJ,VLK-ABU,Down Slow Line,00.30 hrs,03.30 hrs,03.00 hrs
,MAS - AJJ,ABU-AVD,Down Slow Line,00.30 hrs,03.30 hrs,03.00 hrs
,MAS - AJJ,AVD-PAB,Down Slow Line,00.30 hrs,03.30 hrs,03.00 hrs
,MAS - AJJ,PAB-TI,Down Slow Line,00.30 hrs,03.30 hrs,03.00 hrs
,MAS - AJJ,TI-TRL,Down Slow Line,00.30 hrs,03.30 hrs,03.00 hrs
,MAS - AJJ,TRL-KBT,Down Slow Line,00.30 hrs,03.30 hrs,03.00 hrs
,MAS - AJJ,KBT-TO,Down Slow Line,00.30 hrs,03.30 hrs,03.00 hrs
,MAS - AJJ,TO-AJJ,Down Slow Line,00.30 hrs,03.30 hrs,03.00 hrs
,MAS - AJJ,MAS - YD,Down Slow Line,00.30 hrs,03.30 hrs,03.00 hrs
,MAS - AJJ,BBQ - YD,Down Slow Line,00.30 hrs,03.30 hrs,03.00 hrs
,MAS - AJJ,MMCC - YD,Down Slow Line,00.30 hrs,03.30 hrs,03.00 hrs
,MAS - AJJ,VPY - YD,Down Slow Line,00.30 hrs,03.30 hrs,03.00 hrs
,MAS - AJJ,VLK - YD,Down Slow Line,00.30 hrs,03.30 hrs,03.00 hrs
,MAS - AJJ,ABU - YD,Down Slow Line,00.30 hrs,03.30 hrs,03.00 hrs
,MAS - AJJ,AVD - YD,Down Slow Line,00.30 hrs,03.30 hrs,03.00 hrs
,MAS - AJJ,PAB - YD,Down Slow Line,00.30 hrs,03.30 hrs,03.00 hrs
,MAS - AJJ,TI - YD,Down Slow Line,00.30 hrs,03.30 hrs,03.00 hrs
,MAS - AJJ,TRL - YD,Down Slow Line,00.30 hrs,03.30 hrs,03.00 hrs
,MAS - AJJ,KBT - YD,Down Slow Line,00.30 hrs,03.30 hrs,03.00 hrs
,MAS - AJJ,TO - YD,Down Slow Line,00.30 hrs,03.30 hrs,03.00 hrs
,MAS - AJJ,AJJ - YD,Down Slow Line,00.30 hrs,03.30 hrs,03.00 hrs
,MAS - AJJ,MAS-BBQ,UP Fast Line,22.30 hrs,01.30 hrs,03.00 hrs
,MAS - AJJ,MMCC-BBQ,UP Fast Line,22.30 hrs,01.30 hrs,03.00 hrs
,MAS - AJJ,BBQ-VPY,UP Fast Line,22.30 hrs,01.30 hrs,03.00 hrs
,MAS - AJJ,VPY-VLK,UP Fast Line,22.30 hrs,01.30 hrs,03.00 hrs
,MAS - AJJ,VLK-ABU,UP Fast Line,22.30 hrs,01.30 hrs,03.00 hrs
,MAS - AJJ,ABU-AVD,UP Fast Line,22.30 hrs,01.30 hrs,03.00 hrs
,MAS - AJJ,AVD-PAB,UP Fast Line,22.30 hrs,01.30 hrs,03.00 hrs
,MAS - AJJ,PAB-TI,UP Fast Line,22.30 hrs,01.30 hrs,03.00 hrs
,MAS - AJJ,TI-TRL,UP Fast Line,22.30 hrs,01.30 hrs,03.00 hrs
,MAS - AJJ,TRL-KBT,UP Fast Line,22.30 hrs,01.30 hrs,03.00 hrs
,MAS - AJJ,KBT-TO,UP Fast Line,22.30 hrs,01.30 hrs,03.00 hrs
,MAS - AJJ,TO-AJJ,UP Fast Line,22.30 hrs,01.30 hrs,03.00 hrs
,MAS - AJJ,MAS - YD,UP Fast Line,22.30 hrs,01.30 hrs,03.00 hrs
,MAS - AJJ,BBQ - YD,UP Fast Line,22.30 hrs,01.30 hrs,03.00 hrs
,MAS - AJJ,MMCC - YD,UP Fast Line,22.30 hrs,01.30 hrs,03.00 hrs
,MAS - AJJ,VPY - YD,UP Fast Line,22.30 hrs,01.30 hrs,03.00 hrs
,MAS - AJJ,VLK - YD,UP Fast Line,22.30 hrs,01.30 hrs,03.00 hrs
,MAS - AJJ,ABU - YD,UP Fast Line,22.30 hrs,01.30 hrs,03.00 hrs
,MAS - AJJ,AVD - YD,UP Fast Line,22.30 hrs,01.30 hrs,03.00 hrs
,MAS - AJJ,PAB - YD,UP Fast Line,22.30 hrs,01.30 hrs,03.00 hrs
,MAS - AJJ,TI - YD,UP Fast Line,22.30 hrs,01.30 hrs,03.00 hrs
,MAS - AJJ,TRL - YD,UP Fast Line,22.30 hrs,01.30 hrs,03.00 hrs
,MAS - AJJ,KBT - YD,UP Fast Line,22.30 hrs,01.30 hrs,03.00 hrs
,MAS - AJJ,TO - YD,UP Fast Line,22.30 hrs,01.30 hrs,03.00 hrs
,MAS - AJJ,AJJ - YD,UP Fast Line,22.30 hrs,01.30 hrs,03.00 hrs
,MAS - AJJ,MAS-BBQ,Down Fast Line,00.05 hrs,03.05 hrs,03.00 hrs
,MAS - AJJ,MMCC-BBQ,Down Fast Line,00.05 hrs,03.05 hrs,03.00 hrs
,MAS - AJJ,BBQ-VPY,Down Fast Line,00.05 hrs,03.05 hrs,03.00 hrs
,MAS - AJJ,VPY-VLK,Down Fast Line,00.05 hrs,03.05 hrs,03.00 hrs
,MAS - AJJ,VLK-ABU,Down Fast Line,00.05 hrs,03.05 hrs,03.00 hrs
,MAS - AJJ,ABU-AVD,Down Fast Line,00.05 hrs,03.05 hrs,03.00 hrs
,MAS - AJJ,AVD-PAB,Down Fast Line,00.05 hrs,03.05 hrs,03.00 hrs
,MAS - AJJ,PAB-TI,Down Fast Line,00.05 hrs,03.05 hrs,03.00 hrs
,MAS - AJJ,TI-TRL,Down Fast Line,00.05 hrs,03.05 hrs,03.00 hrs
,MAS - AJJ,TRL-KBT,Down Fast Line,00.05 hrs,03.05 hrs,03.00 hrs
,MAS - AJJ,KBT-TO,Down Fast Line,00.05 hrs,03.05 hrs,03.00 hrs
,MAS - AJJ,TO-AJJ,Down Fast Line,00.05 hrs,03.05 hrs,03.00 hrs
,MAS - AJJ,MAS - YD,Down Fast Line,00.05 hrs,03.05 hrs,03.00 hrs
,MAS - AJJ,BBQ - YD,Down Fast Line,00.05 hrs,03.05 hrs,03.00 hrs
,MAS - AJJ,MMCC - YD,Down Fast Line,00.05 hrs,03.05 hrs,03.00 hrs
,MAS - AJJ,VPY - YD,Down Fast Line,00.05 hrs,03.05 hrs,03.00 hrs
,MAS - AJJ,VLK - YD,Down Fast Line,00.05 hrs,03.05 hrs,03.00 hrs
,MAS - AJJ,ABU - YD,Down Fast Line,00.05 hrs,03.05 hrs,03.00 hrs
,MAS - AJJ,AVD - YD,Down Fast Line,00.05 hrs,03.05 hrs,03.00 hrs
,MAS - AJJ,PAB - YD,Down Fast Line,00.05 hrs,03.05 hrs,03.00 hrs
,MAS - AJJ,TI - YD,Down Fast Line,00.05 hrs,03.05 hrs,03.00 hrs
,MAS - AJJ,TRL - YD,Down Fast Line,00.05 hrs,03.05 hrs,03.00 hrs
,MAS - AJJ,KBT - YD,Down Fast Line,00.05 hrs,03.05 hrs,03.00 hrs
,MAS - AJJ,TO - YD,Down Fast Line,00.05 hrs,03.05 hrs,03.00 hrs
,MAS - AJJ,AJJ - YD,Down Fast Line,00.05 hrs,03.05 hrs,03.00 hrs
,MAS - AJJ,MAS-BBQ,UP Slow Line,23.00 hrs,02.00 hrs,03.00 hrs
,MAS - AJJ,MMCC-BBQ,UP Slow Line,23.00 hrs,02.00 hrs,03.00 hrs
,MAS - AJJ,BBQ-VPY,UP Slow Line,23.00 hrs,02.00 hrs,03.00 hrs
,MAS - AJJ,VPY-VLK,UP Slow Line,23.00 hrs,02.00 hrs,03.00 hrs
,MAS - AJJ,VLK-ABU,UP Slow Line,23.00 hrs,02.00 hrs,03.00 hrs
,MAS - AJJ,ABU-AVD,UP Slow Line,23.00 hrs,02.00 hrs,03.00 hrs
,MAS - AJJ,AVD-PAB,UP Slow Line,23.00 hrs,02.00 hrs,03.00 hrs
,MAS - AJJ,PAB-TI,UP Slow Line,23.00 hrs,02.00 hrs,03.00 hrs
,MAS - AJJ,TI-TRL,UP Slow Line,23.00 hrs,02.00 hrs,03.00 hrs
,MAS - AJJ,TRL-KBT,UP Slow Line,23.00 hrs,02.00 hrs,03.00 hrs
,MAS - AJJ,KBT-TO,UP Slow Line,23.00 hrs,02.00 hrs,03.00 hrs
,MAS - AJJ,TO-AJJ,UP Slow Line,23.00 hrs,02.00 hrs,03.00 hrs
,MAS - AJJ,MAS - YD,UP Slow Line,23.00 hrs,02.00 hrs,03.00 hrs
,MAS - AJJ,BBQ - YD,UP Slow Line,23.00 hrs,02.00 hrs,03.00 hrs
,MAS - AJJ,MMCC - YD,UP Slow Line,23.00 hrs,02.00 hrs,03.00 hrs
,MAS - AJJ,VPY - YD,UP Slow Line,23.00 hrs,02.00 hrs,03.00 hrs
,MAS - AJJ,VLK - YD,UP Slow Line,23.00 hrs,02.00 hrs,03.00 hrs
,MAS - AJJ,ABU - YD,UP Slow Line,23.00 hrs,02.00 hrs,03.00 hrs
,MAS - AJJ,AVD - YD,UP Slow Line,23.00 hrs,02.00 hrs,03.00 hrs
,MAS - AJJ,PAB - YD,UP Slow Line,23.00 hrs,02.00 hrs,03.00 hrs
,MAS - AJJ,TI - YD,UP Slow Line,23.00 hrs,02.00 hrs,03.00 hrs
,MAS - AJJ,TRL - YD,UP Slow Line,23.00 hrs,02.00 hrs,03.00 hrs
,MAS - AJJ,KBT - YD,UP Slow Line,23.00 hrs,02.00 hrs,03.00 hrs
,MAS - AJJ,TO - YD,UP Slow Line,23.00 hrs,02.00 hrs,03.00 hrs
,MAS - AJJ,AJJ - YD,UP Slow Line,23.00 hrs,02.00 hrs,03.00 hrs
,AJJ - KPD,AJJ-MLPM,Down,01.00 hrs,04.00 hrs,03.00 hrs
,AJJ - KPD,MLPM-CTRE,Down,01.00 hrs,04.00 hrs,03.00 hrs
,AJJ - KPD,CTRE-MDVE,Down,01.00 hrs,04.00 hrs,03.00 hrs
,AJJ - KPD,MDVE-SHU,Down,01.00 hrs,04.00 hrs,03.00 hrs
,AJJ - KPD,SHU-TUG,Down,01.00 hrs,04.00 hrs,03.00 hrs
,AJJ - KPD,TUG-WJR,Down,01.00 hrs,04.00 hrs,03.00 hrs
,AJJ - KPD,WJR-MCN,Down,01.00 hrs,04.00 hrs,03.00 hrs
,AJJ - KPD,MCN-THL,Down,01.00 hrs,04.00 hrs,03.00 hrs
,AJJ - KPD,THL-SVUR,Down,01.00 hrs,04.00 hrs,03.00 hrs
,AJJ - KPD,SVUR-KPD,Down,01.00 hrs,04.00 hrs,03.00 hrs
,AJJ - KPD,AJJ - YD,Down,01.00 hrs,04.00 hrs,03.00 hrs
,AJJ - KPD,MLPM - YD,Down,01.00 hrs,04.00 hrs,03.00 hrs
,AJJ - KPD,CTRE - YD,Down,01.00 hrs,04.00 hrs,03.00 hrs
,AJJ - KPD,MDVE - YD,Down,01.00 hrs,04.00 hrs,03.00 hrs
,AJJ - KPD,SHU - YD,Down,01.00 hrs,04.00 hrs,03.00 hrs
,AJJ - KPD,TUG - YD,Down,01.00 hrs,04.00 hrs,03.00 hrs
,AJJ - KPD,WJR - YD,Down,01.00 hrs,04.00 hrs,03.00 hrs
,AJJ - KPD,MCN - YD,Down,01.00 hrs,04.00 hrs,03.00 hrs
,AJJ - KPD,THL - YD,Down,01.00 hrs,04.00 hrs,03.00 hrs
,AJJ - KPD,SVUR - YD,Down,01.00 hrs,04.00 hrs,03.00 hrs
,AJJ - KPD,KPD - YD,Down,01.00 hrs,04.00 hrs,03.00 hrs
,KPD - JTJ,KPD-LTI,Down,11.40 hrs,14.40 hrs,03.00 hrs
,KPD - JTJ,LTI-KVN,Down,11.40 hrs,14.40 hrs,03.00 hrs
,KPD - JTJ,KVN-GYM,Down,11.40 hrs,14.40 hrs,03.00 hrs
,KPD - JTJ,GYM-VLT,Down,11.40 hrs,14.40 hrs,03.00 hrs
,KPD - JTJ,VLT-MPI,Down,11.40 hrs,14.40 hrs,03.00 hrs
,KPD - JTJ,MPI-PCKM,Down,11.40 hrs,14.40 hrs,03.00 hrs
,KPD - JTJ,PCKM-AB,Down,11.40 hrs,14.40 hrs,03.00 hrs
,KPD - JTJ,AB-VGM,Down,11.40 hrs,14.40 hrs,03.00 hrs
,KPD - JTJ,VGM-VN,Down,11.40 hrs,14.40 hrs,03.00 hrs
,KPD - JTJ,VN-KDY,Down,11.40 hrs,14.40 hrs,03.00 hrs
,KPD - JTJ,KDY-JTJ,Down,11.40 hrs,14.40 hrs,03.00 hrs
,KPD - JTJ,KPD - YD,Down,11.40 hrs,14.40 hrs,03.00 hrs
,KPD - JTJ,LTI - YD,Down,11.40 hrs,14.40 hrs,03.00 hrs
,KPD - JTJ,KVN - YD,Down,11.40 hrs,14.40 hrs,03.00 hrs
,KPD - JTJ,GYM - YD,Down,11.40 hrs,14.40 hrs,03.00 hrs
,KPD - JTJ,VLT - YD,Down,11.40 hrs,14.40 hrs,03.00 hrs
,KPD - JTJ,MPI - YD,Down,11.40 hrs,14.40 hrs,03.00 hrs
,KPD - JTJ,PCKM - YD,Down,11.40 hrs,14.40 hrs,03.00 hrs
,KPD - JTJ,AB - YD,Down,11.40 hrs,14.40 hrs,03.00 hrs
,KPD - JTJ,VGM - YD,Down,11.40 hrs,14.40 hrs,03.00 hrs
,KPD - JTJ,VN - YD,Down,11.40 hrs,14.40 hrs,03.00 hrs
,KPD - JTJ,KDY - YD,Down,11.40 hrs,14.40 hrs,03.00 hrs
,KPD - JTJ,JTJ - YD,Down,11.40 hrs,14.40 hrs,03.00 hrs
,AJJ - KPD,AJJ-MLPM,UP,22.00 hrs,01.00 hrs,03.00 hrs
,AJJ - KPD,MLPM-CTRE,UP,22.00 hrs,01.00 hrs,03.00 hrs
,AJJ - KPD,CTRE-MDVE,UP,22.00 hrs,01.00 hrs,03.00 hrs
,AJJ - KPD,MDVE-SHU,UP,22.00 hrs,01.00 hrs,03.00 hrs
,AJJ - KPD,SHU-TUG,UP,22.00 hrs,01.00 hrs,03.00 hrs
,AJJ - KPD,TUG-WJR,UP,22.00 hrs,01.00 hrs,03.00 hrs
,AJJ - KPD,WJR-MCN,UP,22.00 hrs,01.00 hrs,03.00 hrs
,AJJ - KPD,MCN-THL,UP,22.00 hrs,01.00 hrs,03.00 hrs
,AJJ - KPD,THL-SVUR,UP,22.00 hrs,01.00 hrs,03.00 hrs
,AJJ - KPD,SVUR-KPD,UP,22.00 hrs,01.00 hrs,03.00 hrs
,AJJ - KPD,AJJ - YD,UP,22.00 hrs,01.00 hrs,03.00 hrs
,AJJ - KPD,MLPM - YD,UP,22.00 hrs,01.00 hrs,03.00 hrs
,AJJ - KPD,CTRE - YD,UP,22.00 hrs,01.00 hrs,03.00 hrs
,AJJ - KPD,MDVE - YD,UP,22.00 hrs,01.00 hrs,03.00 hrs
,AJJ - KPD,SHU - YD,UP,22.00 hrs,01.00 hrs,03.00 hrs
,AJJ - KPD,TUG - YD,UP,22.00 hrs,01.00 hrs,03.00 hrs
,AJJ - KPD,WJR - YD,UP,22.00 hrs,01.00 hrs,03.00 hrs
,AJJ - KPD,MCN - YD,UP,22.00 hrs,01.00 hrs,03.00 hrs
,AJJ - KPD,THL - YD,UP,22.00 hrs,01.00 hrs,03.00 hrs
,AJJ - KPD,SVUR - YD,UP,22.00 hrs,01.00 hrs,03.00 hrs
,AJJ - KPD,KPD - YD,UP,22.00 hrs,01.00 hrs,03.00 hrs
,KPD - JTJ,KPD-LTI,UP,20.55 hrs,23.55 hrs,03.00 hrs
,KPD - JTJ,LTI-KVN,UP,20.55 hrs,23.55 hrs,03.00 hrs
,KPD - JTJ,KVN-GYM,UP,20.55 hrs,23.55 hrs,03.00 hrs
,KPD - JTJ,GYM-VLT,UP,20.55 hrs,23.55 hrs,03.00 hrs
,KPD - JTJ,VLT-MPI,UP,20.55 hrs,23.55 hrs,03.00 hrs
,KPD - JTJ,MPI-PCKM,UP,20.55 hrs,23.55 hrs,03.00 hrs
,KPD - JTJ,PCKM-AB,UP,20.55 hrs,23.55 hrs,03.00 hrs
,KPD - JTJ,AB-VGM,UP,20.55 hrs,23.55 hrs,03.00 hrs
,KPD - JTJ,VGM-VN,UP,20.55 hrs,23.55 hrs,03.00 hrs
,KPD - JTJ,VN-KDY,UP,20.55 hrs,23.55 hrs,03.00 hrs
,KPD - JTJ,KDY-JTJ,UP,20.55 hrs,23.55 hrs,03.00 hrs
,KPD - JTJ,KPD - YD,UP,20.55 hrs,23.55 hrs,03.00 hrs
,KPD - JTJ,LTI - YD,UP,20.55 hrs,23.55 hrs,03.00 hrs
,KPD - JTJ,KVN - YD,UP,20.55 hrs,23.55 hrs,03.00 hrs
,KPD - JTJ,GYM - YD,UP,20.55 hrs,23.55 hrs,03.00 hrs
,KPD - JTJ,VLT - YD,UP,20.55 hrs,23.55 hrs,03.00 hrs
,KPD - JTJ,MPI - YD,UP,20.55 hrs,23.55 hrs,03.00 hrs
,KPD - JTJ,PCKM - YD,UP,20.55 hrs,23.55 hrs,03.00 hrs
,KPD - JTJ,AB - YD,UP,20.55 hrs,23.55 hrs,03.00 hrs
,KPD - JTJ,VGM - YD,UP,20.55 hrs,23.55 hrs,03.00 hrs
,KPD - JTJ,VN - YD,UP,20.55 hrs,23.55 hrs,03.00 hrs
,KPD - JTJ,KDY - YD,UP,20.55 hrs,23.55 hrs,03.00 hrs
,KPD - JTJ,JTJ - YD,UP,20.55 hrs,23.55 hrs,03.00 hrs
,KPD - JTJ,CGL - RDY,Single Line,01.00 hrs,04.00 hrs,03.00 hrs
,AJJ - CGL,RDY -  VB,Single Line,01.00 hrs,04.00 hrs,03.00 hrs
,AJJ - CGL,VB - PALR,Single Line,01.00 hrs,04.00 hrs,03.00 hrs
,AJJ - CGL,PALR - PYV,Single Line,01.00 hrs,04.00 hrs,03.00 hrs
,AJJ - CGL,PYV - WJ,Single Line,01.00 hrs,04.00 hrs,03.00 hrs
,AJJ - CGL,WJ - NTT,Single Line,01.00 hrs,04.00 hrs,03.00 hrs
,AJJ - CGL,NTT - CJ(O),Single Line,01.00 hrs,04.00 hrs,03.00 hrs
,AJJ - CGL,CJ(O) - CJ(E),Single Line,01.00 hrs,04.00 hrs,03.00 hrs
,AJJ - CGL,CJ(E) - TMLP,Single Line,01.00 hrs,04.00 hrs,03.00 hrs
,AJJ - CGL,TMLP - TKO,Single Line,01.00 hrs,04.00 hrs,03.00 hrs
,AJJ - CGL,TKO - MLPM,Single Line,01.00 hrs,04.00 hrs,03.00 hrs
,AJJ - CGL,MLPM - AJJ,Single Line,01.00 hrs,04.00 hrs,03.00 hrs
,AJJ - CGL,CGL - YD,Single Line,01.00 hrs,04.00 hrs,03.00 hrs
,AJJ - CGL,PALR - YD,Single Line,01.00 hrs,04.00 hrs,03.00 hrs
,AJJ - CGL,WJ - YD,Single Line,01.00 hrs,04.00 hrs,03.00 hrs
,AJJ - CGL,CJ(O) - YD,Single Line,01.00 hrs,04.00 hrs,03.00 hrs
,AJJ - CGL,CJ(E) - YD,Single Line,01.00 hrs,04.00 hrs,03.00 hrs
,AJJ - CGL,TMLP - YD,Single Line,01.00 hrs,04.00 hrs,03.00 hrs
,AJJ - CGL,MLPM - YD,Single Line,01.00 hrs,04.00 hrs,03.00 hrs
,AJJ - CGL,AJJ - YD,Single Line,01.00 hrs,04.00 hrs,03.00 hrs
,MAS - GDR,MMC - BBQ,Down,00.30 hrs,03.30 hrs,03.00 hrs
,MAS - GDR,BBQ - KOK,Down,00.30 hrs,03.30 hrs,03.00 hrs
,MAS - GDR,KOK - TNP,Down,00.30 hrs,03.30 hrs,03.00 hrs
,MAS - GDR,TNP - TVT,Down,00.30 hrs,03.30 hrs,03.00 hrs
,MAS - GDR,TVT - ENR,Down,00.30 hrs,03.30 hrs,03.00 hrs
,MAS - GDR,ENR - AIP,Down,00.30 hrs,03.30 hrs,03.00 hrs
,MAS - GDR,AIP - AIPP,Down,00.30 hrs,03.30 hrs,03.00 hrs
,MAS - GDR,AIPP - MJR,Down,00.30 hrs,03.30 hrs,03.00 hrs
,MAS - GDR,MJR - PON,Down,00.30 hrs,03.30 hrs,03.00 hrs
,MAS - GDR,PON - KVP,Down,00.30 hrs,03.30 hrs,03.00 hrs
,MAS - GDR,KVP - GPD,Down,00.30 hrs,03.30 hrs,03.00 hrs
,MAS - GDR,MMC - YD,Down,00.30 hrs,03.30 hrs,03.00 hrs
,MAS - GDR,BBQ - YD,Down,00.30 hrs,03.30 hrs,03.00 hrs
,MAS - GDR,KOK - YD,Down,00.30 hrs,03.30 hrs,03.00 hrs
,MAS - GDR,TNP - YD,Down,00.30 hrs,03.30 hrs,03.00 hrs
,MAS - GDR,TVT - YD,Down,00.30 hrs,03.30 hrs,03.00 hrs
,MAS - GDR,ENR - YD,Down,00.30 hrs,03.30 hrs,03.00 hrs
,MAS - GDR,AIP - YD,Down,00.30 hrs,03.30 hrs,03.00 hrs
,MAS - GDR,AIPP - YD,Down,00.30 hrs,03.30 hrs,03.00 hrs
,MAS - GDR,MJR - YD,Down,00.30 hrs,03.30 hrs,03.00 hrs
,MAS - GDR,PON - YD,Down,00.30 hrs,03.30 hrs,03.00 hrs
,MAS - GDR,KVP - YD,Down,00.30 hrs,03.30 hrs,03.00 hrs
,MAS - GDR,GPD - YD,Down,00.30 hrs,03.30 hrs,03.00 hrs
,MAS - GDR,GPD - ELR,Down,01.30 hrs,04.30 hrs,03.00 hrs
,MAS - GDR,ELR - AKM,Down,01.30 hrs,04.30 hrs,03.00 hrs
,MAS - GDR,AKM - TAD,Down,01.30 hrs,04.30 hrs,03.00 hrs
,MAS - GDR,TAD - AKAT,Down,01.30 hrs,04.30 hrs,03.00 hrs
,MAS - GDR,AKAT - SPE,Down,01.30 hrs,04.30 hrs,03.00 hrs
,MAS - GDR,ELR - YD,Down,01.30 hrs,04.30 hrs,03.00 hrs
,MAS - GDR,AKM - YD,Down,01.30 hrs,04.30 hrs,03.00 hrs
,MAS - GDR,TAD - YD,Down,01.30 hrs,04.30 hrs,03.00 hrs
,MAS - GDR,SPE - YD,Down,01.30 hrs,04.30 hrs,03.00 hrs
,MAS - GDR,SPE - PEL,Down,02.00 hrs,05.00 hrs,03.00 hrs
,MAS - GDR,PEL - DVR,Down,02.00 hrs,05.00 hrs,03.00 hrs
,MAS - GDR,DVR - NYP,Down,02.00 hrs,05.00 hrs,03.00 hrs
,MAS - GDR,NYP - PYA,Down,02.00 hrs,05.00 hrs,03.00 hrs
,MAS - GDR,PYA - ODR,Down,02.00 hrs,05.00 hrs,03.00 hrs
,MAS - GDR,ODR - GDR,Down,02.00 hrs,05.00 hrs,03.00 hrs
,MAS - GDR,PEL - YD,Down,02.00 hrs,05.00 hrs,03.00 hrs
,MAS - GDR,DVR - YD,Down,02.00 hrs,05.00 hrs,03.00 hrs
,MAS - GDR,NYP - YD,Down,02.00 hrs,05.00 hrs,03.00 hrs
,MAS - GDR,PYA - YD,Down,02.00 hrs,05.00 hrs,03.00 hrs
,MAS - GDR,ODR - YD,Down,02.00 hrs,05.00 hrs,03.00 hrs
,MAS - GDR,GDR - YD,Down,02.00 hrs,05.00 hrs,03.00 hrs
,MAS - GDR,MAS-GPD,UP,22.30 hrs,01.30 hrs,03.00 hrs
,MAS - GDR,MMC - BBQ,UP,22.30 hrs,01.30 hrs,03.00 hrs
,MAS - GDR,BBQ - KOK,UP,22.30 hrs,01.30 hrs,03.00 hrs
,MAS - GDR,KOK - TNP,UP,22.30 hrs,01.30 hrs,03.00 hrs
,MAS - GDR,TNP - TVT,UP,22.30 hrs,01.30 hrs,03.00 hrs
,MAS - GDR,TVT - ENR,UP,22.30 hrs,01.30 hrs,03.00 hrs
,MAS - GDR,ENR - AIP,UP,22.30 hrs,01.30 hrs,03.00 hrs
,MAS - GDR,AIP - AIPP,UP,22.30 hrs,01.30 hrs,03.00 hrs
,MAS - GDR,AIPP - MJR,UP,22.30 hrs,01.30 hrs,03.00 hrs
,MAS - GDR,MJR - PON,UP,22.30 hrs,01.30 hrs,03.00 hrs
,MAS - GDR,PON - KVP,UP,22.30 hrs,01.30 hrs,03.00 hrs
,MAS - GDR,KVP - GPD,UP,22.30 hrs,01.30 hrs,03.00 hrs
,MAS - GDR,MMC - YD,UP,22.30 hrs,01.30 hrs,03.00 hrs
,MAS - GDR,BBQ - YD,UP,22.30 hrs,01.30 hrs,03.00 hrs
,MAS - GDR,KOK - YD,UP,22.30 hrs,01.30 hrs,03.00 hrs
,MAS - GDR,TNP - YD,UP,22.30 hrs,01.30 hrs,03.00 hrs
,MAS - GDR,TVT - YD,UP,22.30 hrs,01.30 hrs,03.00 hrs
,MAS - GDR,ENR - YD,UP,22.30 hrs,01.30 hrs,03.00 hrs
,MAS - GDR,AIP - YD,UP,22.30 hrs,01.30 hrs,03.00 hrs
,MAS - GDR,AIPP - YD,UP,22.30 hrs,01.30 hrs,03.00 hrs
,MAS - GDR,MJR - YD,UP,22.30 hrs,01.30 hrs,03.00 hrs
,MAS - GDR,PON - YD,UP,22.30 hrs,01.30 hrs,03.00 hrs
,MAS - GDR,KVP - YD,UP,22.30 hrs,01.30 hrs,03.00 hrs
,MAS - GDR,GPD - YD,UP,22.30 hrs,01.30 hrs,03.00 hrs
,MAS - GDR,GPD - ELR,UP,22.00 hrs,01.00 hrs,03.00 hrs
,MAS - GDR,ELR - AKM,UP,22.00 hrs,01.00 hrs,03.00 hrs
,MAS - GDR,AKM - TAD,UP,22.00 hrs,01.00 hrs,03.00 hrs
,MAS - GDR,TAD - AKAT,UP,22.00 hrs,01.00 hrs,03.00 hrs
,MAS - GDR,AKAT - SPE,UP,22.00 hrs,01.00 hrs,03.00 hrs
,MAS - GDR,ELR - YD,UP,22.00 hrs,01.00 hrs,03.00 hrs
,MAS - GDR,AKM - YD,UP,22.00 hrs,01.00 hrs,03.00 hrs
,MAS - GDR,TAD - YD,UP,22.00 hrs,01.00 hrs,03.00 hrs
,MAS - GDR,SPE - YD,UP,22.00 hrs,01.00 hrs,03.00 hrs
,MAS - GDR,SPE - PEL,UP,21.30 hrs,00.30 hrs,03.00 hrs
,MAS - GDR,PEL - DVR,UP,21.30 hrs,00.30 hrs,03.00 hrs
,MAS - GDR,DVR - NYP,UP,21.30 hrs,00.30 hrs,03.00 hrs
,MAS - GDR,NYP - PYA,UP,21.30 hrs,00.30 hrs,03.00 hrs
,MAS - GDR,PYA - ODR,UP,21.30 hrs,00.30 hrs,03.00 hrs
,MAS - GDR,ODR - GDR,UP,21.30 hrs,00.30 hrs,03.00 hrs
,MAS - GDR,PEL - YD,UP,21.30 hrs,00.30 hrs,03.00 hrs
,MAS - GDR,DVR - YD,UP,21.30 hrs,00.30 hrs,03.00 hrs
,MAS - GDR,NYP - YD,UP,21.30 hrs,00.30 hrs,03.00 hrs
,MAS - GDR,PYA - YD,UP,21.30 hrs,00.30 hrs,03.00 hrs
,MAS - GDR,ODR - YD,UP,21.30 hrs,00.30 hrs,03.00 hrs
,MAS - GDR,GDR - YD,UP,21.30 hrs,00.30 hrs,03.00 hrs
,MSB - VM,MS - MKK, A Line,01.00 hrs,04.00 hrs,03.00 hrs
,MSB - VM,MKK - MBM, A Line,01.00 hrs,04.00 hrs,03.00 hrs
,MSB - VM,MBM - STM, A Line,01.00 hrs,04.00 hrs,03.00 hrs
,MSB - VM,STM -PV, A Line,01.00 hrs,04.00 hrs,03.00 hrs
,MSB - VM,PV -TBM, A Line,01.00 hrs,04.00 hrs,03.00 hrs
,MSB - VM,MS - YD, A Line,01.00 hrs,04.00 hrs,03.00 hrs
,MSB - VM,MKK - YD, A Line,01.00 hrs,04.00 hrs,03.00 hrs
,MSB - VM,MBM - YD, A Line,01.00 hrs,04.00 hrs,03.00 hrs
,MSB - VM,STM - YD, A Line,01.00 hrs,04.00 hrs,03.00 hrs
,MSB - VM,PV - YD, A Line,01.00 hrs,04.00 hrs,03.00 hrs
,MSB - VM,TBM - PRGL,Down,01.30 hrs,04.30 hrs,03.00 hrs
,MSB - VM,PRGL - VDR,Down,01.30 hrs,04.30 hrs,03.00 hrs
,MSB - VM,VDR - UPM,Down,01.30 hrs,04.30 hrs,03.00 hrs
,MSB - VM,UPM - GI,Down,01.30 hrs,04.30 hrs,03.00 hrs
,MSB - VM,POTI - CTM,Down,01.30 hrs,04.30 hrs,03.00 hrs
,MSB - VM,CTM - MMNK,Down,01.30 hrs,04.30 hrs,03.00 hrs
,MSB - VM,MMNK - SKL,Down,01.30 hrs,04.30 hrs,03.00 hrs
,MSB - VM,SKL - PWU,Down,01.30 hrs,04.30 hrs,03.00 hrs
,MSB - VM,PWU - CGL,Down,01.30 hrs,04.30 hrs,03.00 hrs
,MSB - VM,TBM - YD,Down,01.30 hrs,04.30 hrs,03.00 hrs
,MSB - VM,VDR - YD,Down,01.30 hrs,04.30 hrs,03.00 hrs
,MSB - VM,GI - YD,Down,01.30 hrs,04.30 hrs,03.00 hrs
,MSB - VM,CTM - YD,Down,01.30 hrs,04.30 hrs,03.00 hrs
,MSB - VM,SKL - YD,Down,01.30 hrs,04.30 hrs,03.00 hrs
,MSB - VM,CGL - YD,Down,01.30 hrs,04.30 hrs,03.00 hrs
,MSB - VM,CGL - OV,Down,02.00 hrs,05.00 hrs,03.00 hrs
,MSB - VM,OV - PTM,Down,02.00 hrs,05.00 hrs,03.00 hrs
,MSB - VM,PTM - KGZ,Down,02.00 hrs,05.00 hrs,03.00 hrs
,MSB - VM,KGZ - MMK,Down,02.00 hrs,05.00 hrs,03.00 hrs
,MSB - VM,MMK - MLMR,Down,02.00 hrs,05.00 hrs,03.00 hrs
,MSB - VM,MLMR - ACK,Down,02.00 hrs,05.00 hrs,03.00 hrs
,MSB - VM,ACK - TZD,Down,02.00 hrs,05.00 hrs,03.00 hrs
,MSB - VM,TZD - OLA,Down,02.00 hrs,05.00 hrs,03.00 hrs
,MSB - VM,OLA - TMV,Down,02.00 hrs,05.00 hrs,03.00 hrs
,MSB - VM,TMV - MTL,Down,02.00 hrs,05.00 hrs,03.00 hrs
,MSB - VM,MTL - PEI,Down,02.00 hrs,05.00 hrs,03.00 hrs
,MSB - VM,PEI - VVN,Down,02.00 hrs,05.00 hrs,03.00 hrs
,MSB - VM,VVN - MYP,Down,02.00 hrs,05.00 hrs,03.00 hrs
,MSB - VM,MYP -VM,Down,02.00 hrs,05.00 hrs,03.00 hrs
,MSB - VM,OV - YD,Down,02.00 hrs,05.00 hrs,03.00 hrs
,MSB - VM,KGZ - YD,Down,02.00 hrs,05.00 hrs,03.00 hrs
,MSB - VM,MMK - YD,Down,02.00 hrs,05.00 hrs,03.00 hrs
,MSB - VM,MLMR - YD,Down,02.00 hrs,05.00 hrs,03.00 hrs
,MSB - VM,TZD - YD,Down,02.00 hrs,05.00 hrs,03.00 hrs
,MSB - VM,OLA - YD,Down,02.00 hrs,05.00 hrs,03.00 hrs
,MSB - VM,TMV - YD,Down,02.00 hrs,05.00 hrs,03.00 hrs
,MSB - VM,MTL - YD,Down,02.00 hrs,05.00 hrs,03.00 hrs
,MSB - VM,PEI - YD,Down,02.00 hrs,05.00 hrs,03.00 hrs
,MSB - VM,VVN - YD,Down,02.00 hrs,05.00 hrs,03.00 hrs
,MSB - VM,MYP - YD,Down,02.00 hrs,05.00 hrs,03.00 hrs
,MSB - VM,VM - YD,Down,02.00 hrs,05.00 hrs,03.00 hrs
,MSB - VM,MS - MKK, B Line,22.00 hrs,01.00 hrs,03.00 hrs
,MSB - VM,MKK - MBM, B Line,22.00 hrs,01.00 hrs,03.00 hrs
,MSB - VM,MBM - STM, B Line,22.00 hrs,01.00 hrs,03.00 hrs
,MSB - VM,STM -PV, B Line,22.00 hrs,01.00 hrs,03.00 hrs
,MSB - VM,PV -TBM, B Line,22.00 hrs,01.00 hrs,03.00 hrs
,MSB - VM,MS - YD, B Line,22.00 hrs,01.00 hrs,03.00 hrs
,MSB - VM,MKK - YD, B Line,22.00 hrs,01.00 hrs,03.00 hrs
,MSB - VM,MBM - YD, B Line,22.00 hrs,01.00 hrs,03.00 hrs
,MSB - VM,STM - YD, B Line,22.00 hrs,01.00 hrs,03.00 hrs
,MSB - VM,PV - YD, B Line,22.00 hrs,01.00 hrs,03.00 hrs
,MSB - VM,TBM - PRGL,UP,23.00 hrs,02.00 hrs,03.00 hrs
,MSB - VM,PRGL - VDR,UP,23.00 hrs,02.00 hrs,03.00 hrs
,MSB - VM,VDR - UPM,UP,23.00 hrs,02.00 hrs,03.00 hrs
,MSB - VM,UPM - GI,UP,23.00 hrs,02.00 hrs,03.00 hrs
,MSB - VM,POTI - CTM,UP,23.00 hrs,02.00 hrs,03.00 hrs
,MSB - VM,CTM - MMNK,UP,23.00 hrs,02.00 hrs,03.00 hrs
,MSB - VM,MMNK - SKL,UP,23.00 hrs,02.00 hrs,03.00 hrs
,MSB - VM,SKL - PWU,UP,23.00 hrs,02.00 hrs,03.00 hrs
,MSB - VM,PWU - CGL,UP,23.00 hrs,02.00 hrs,03.00 hrs
,MSB - VM,TBM - YD,UP,23.00 hrs,02.00 hrs,03.00 hrs
,MSB - VM,VDR - YD,UP,23.00 hrs,02.00 hrs,03.00 hrs
,MSB - VM,GI - YD,UP,23.00 hrs,02.00 hrs,03.00 hrs
,MSB - VM,CTM - YD,UP,23.00 hrs,02.00 hrs,03.00 hrs
,MSB - VM,SKL - YD,UP,23.00 hrs,02.00 hrs,03.00 hrs
,MSB - VM,CGL - YD,UP,23.00 hrs,02.00 hrs,03.00 hrs
,MSB - VM,CGL - OV,UP,21.10 hrs,00.10 hrs,03.00 hrs
,MSB - VM,OV - PTM,UP,21.10 hrs,00.10 hrs,03.00 hrs
,MSB - VM,PTM - KGZ,UP,21.10 hrs,00.10 hrs,03.00 hrs
,MSB - VM,KGZ - MMK,UP,21.10 hrs,00.10 hrs,03.00 hrs
,MSB - VM,MMK - MLMR,UP,21.10 hrs,00.10 hrs,03.00 hrs
,MSB - VM,MLMR - ACK,UP,21.10 hrs,00.10 hrs,03.00 hrs
,MSB - VM,ACK - TZD,UP,21.10 hrs,00.10 hrs,03.00 hrs
,MSB - VM,TZD - OLA,UP,21.10 hrs,00.10 hrs,03.00 hrs
,MSB - VM,OLA - TMV,UP,21.10 hrs,00.10 hrs,03.00 hrs
,MSB - VM,TMV - MTL,UP,21.10 hrs,00.10 hrs,03.00 hrs
,MSB - VM,MTL - PEI,UP,21.10 hrs,00.10 hrs,03.00 hrs
,MSB - VM,PEI - VVN,UP,21.10 hrs,00.10 hrs,03.00 hrs
,MSB - VM,VVN - MYP,UP,21.10 hrs,00.10 hrs,03.00 hrs
,MSB - VM,MYP -VM,UP,21.10 hrs,00.10 hrs,03.00 hrs
,MSB - VM,OV - YD,UP,21.10 hrs,00.10 hrs,03.00 hrs
,MSB - VM,KGZ - YD,UP,21.10 hrs,00.10 hrs,03.00 hrs
,MSB - VM,MMK - YD,UP,21.10 hrs,00.10 hrs,03.00 hrs
,MSB - VM,MLMR - YD,UP,21.10 hrs,00.10 hrs,03.00 hrs
,MSB - VM,TZD - YD,UP,21.10 hrs,00.10 hrs,03.00 hrs
,MSB - VM,OLA - YD,UP,21.10 hrs,00.10 hrs,03.00 hrs
,MSB - VM,TMV - YD,UP,21.10 hrs,00.10 hrs,03.00 hrs
,MSB - VM,MTL - YD,UP,21.10 hrs,00.10 hrs,03.00 hrs
,MSB - VM,PEI - YD,UP,21.10 hrs,00.10 hrs,03.00 hrs
,MSB - VM,VVN - YD,UP,21.10 hrs,00.10 hrs,03.00 hrs
,MSB - VM,MYP - YD,UP,21.10 hrs,00.10 hrs,03.00 hrs
,MSB - VM,VM - YD,UP,21.10 hrs,00.10 hrs,03.00 hrs